技能ID(第一位用途(1形态2数值3buff4触发)第二三位分类第四五位等级),名称,说明,技能等级,预制体名称,技能icon名称,技能数值提升,价格,飞行速度
string,string,string,string,string,string,string,number,number
ID,name,desc,range,resName,icon,value,price,speed
10101,双重射击,向前同时射出2支箭矢,101,arrowDouble,arrowDouble,,80,
10201,连续射击,向前先后射出2支箭矢,102,,arrContinuous,,80,
10301,伞形射击,向前两侧多射出2支箭矢,103,arrowUmbrella,arrowUmbrella,,80,
10401,反向射击,向后多射出1支箭矢,104,arrowReverse,arrowReverse,,80,
10501,侧面射击,向左右各多射出1支箭矢,105,arrowSide,arrowSide,,80,
10601,穿透,箭矢攻击敌人后会穿透并继续飞行,106,,arrowPenetrate,,80,
20101,攻击1,提升角色少量攻击力,201,,raiseAttack01,0.5,70,
20102,攻击2,提升角色大量攻击力,201,,raiseAttack02,1,70,
20201,闪避,提升角色少量闪避率,202,,raiseDodge,0.1,70,
20301,暴击+爆伤1,提升角色少量暴击率和暴击伤害,203,,raiseCriticalHitDamage01,0.1#0.5,70,
20302,暴击+爆伤2,提升角色大量暴击率和暴击伤害,203,,raiseCriticalHitDamage02,0.2#1,70,
20401,攻速提升1,提升角色少量攻击速度,204,,raiseAttackSpeed01,0.1,70,
20402,攻速提升2,提升角色大量攻击速度,204,,raiseAttackSpeed02,0.2,70,
20501,生命,提升角色生命上限,205,,raiseHpLimit,0.5,100,
20601,回复,回复角色当前生命值,206,,recovery,1,50,
20701,移动,提升角色少量移动速度,207,,moveSpeed,0.2,70,
30101,冰冻,受击的敌人会降低攻击速度和移动速度,301,arrowIce,arrowice,,100,
30201,灼烧,受击的敌人会受到灼烧伤害,302,arrowFire,arrowFire,,100,
40101,闪电,受击的敌人会向周围敌人发射闪电,401,arrowLightning,arrowLightning,,100,
40201,嗜血,击杀敌人时回复一定生命值,402,,bloodthirsty,,120,
40301,弹射,箭矢攻击敌人时会波及附近1个敌人,403,,arrowLaunch,,80,